Row.names	tmn_T2_all.bam	YFP_T2_all.bam	foldchange	Chr	Start	End	Strand	Length	gene	product
cds-YP_010073649.1	12859.0215354103	5058.46537992406	1.3460091932688	T2_in_house	121706	123884	-	2179	rIIA	RIIA lysis inhibitor
cds-YP_010073650.1	805.099873522302	471.378352713576	0.772282255551688	T2_in_house	123894	124098	-	205	rIIA.1	rIIA.1 hypothetical protein
cds-YP_010073651.1	75445.3209432435	24919.7792510227	1.59814014029485	T2_in_house	124152	125970	-	1819	39	DNA topoisomerase II large subunit
cds-YP_010073652.1	5949.16873586848	1463.19056258709	2.02357042291945	T2_in_house	126039	126300	-	262	39.1	gp39.1 hypothetical protein
cds-YP_010073653.1	6736.22779776552	1713.76216669805	1.97477401825715	T2_in_house	126357	126675	-	319	NA	hypothetical protein
cds-YP_010073654.1	3510.44778354192	1060.98525584742	1.72625046092773	T2_in_house	126677	126854	-	178	39.2	FmdB-like transcriptional regulator
cds-YP_010073655.1	5778.1850813826	1997.32506485311	1.53254726503923	T2_in_house	126856	127282	-	427	goF	hypothetical protein
cds-YP_010073656.1	1661.1782694713	1184.30000187099	0.488172319862536	T2_in_house	127281	127497	-	217	cef	cef modifier of supressor tRNAs
cds-YP_010073658.1	21140.0231114779	3684.97380333909	2.5202506856788	T2_in_house	127877	128369	-	493	motB	MotB-like transcriptional regulator
cds-YP_010073659.1	9357.79956055103	1629.35614055368	2.52186734824012	T2_in_house	128552	129236	-	685	dexA	exonuclease
cds-YP_010073660.1	6416.8443668589	1318.99547438255	2.28242437819445	T2_in_house	129235	129478	-	244	dexA.1	DexA.1 hypothetical protein
cds-YP_010073661.1	2308.14823009877	699.584025157893	1.72216662621107	T2_in_house	129470	129716	-	247	dexA.2	dextranase
cds-YP_010073662.1	9149.97321291828	5277.57247604457	0.793893033823898	T2_in_house	129737	131057	-	1321	dda	Dda-like helicase
cds-YP_010073663.1	1531.89605712322	704.506042011952	1.12063442561551	T2_in_house	131053	131365	-	313	dda.1	Dda.1 hypothetical protein
cds-YP_010073664.1	870.928153506654	5263.18210342976	-2.59530969729199	T2_in_house	131366	132122	-	757	srd	Srd anti-sigma factor
cds-YP_010073665.1	640.937390554218	1446.17070769411	-1.17398251941109	T2_in_house	132245	132848	-	604	modA	RNA polymerase ADP-ribosylase
cds-YP_010073666.1	165.134048688455	721.69869569078	-2.12775902983403	T2_in_house	132844	132973	-	130	NA	hypothetical protein
cds-YP_010073667.1	345.244717241359	1413.73825157609	-2.03382379082388	T2_in_house	133037	133466	-	430	modB	RNA polymerase ADP-ribosylase
cds-YP_010073668.1	1175.72597992038	1298.62694970585	-0.143435196021839	T2_in_house	133533	133716	-	184	modA.2	ModA.2 hypothetical protein
cds-YP_010073669.1	1352.53566742243	1157.88287435091	0.224177314667074	T2_in_house	133724	134195	-	472	modA.3	Mrh transcription modulator under heat shock
cds-YP_010073670.1	615.407868292902	634.335322304012	-0.0437027900269409	T2_in_house	134187	134352	-	166	modA.4	ModA.4 hypothetical protein
cds-YP_010073672.1	1978.20980124875	1643.47649630879	0.267444616553362	T2_in_house	134521	135007	-	487	mrh	Mrh transcription modulator under heat shock
cds-YP_010073673.1	2227.4307251262	2140.90289205823	0.0571612046167621	T2_in_house	135015	135348	-	334	mrh.1	Mrh.1 hypothetical protein
cds-YP_010073674.1	15358.1408503667	15272.1316289533	0.00810214165845383	T2_in_house	135347	135554	-	208	mrh.2	Mrh.2 hypothetical protein
cds-YP_010073676.1	9824.28084792653	1965.10585614676	2.32174477425367	T2_in_house	135925	136135	-	211	NA	head protein
cds-YP_010073677.1	6966.51145226178	875.772175712725	2.99180887392135	T2_in_house	136131	136326	-	196	NA	virion structural protein
cds-YP_010073678.1	84144.9304258258	7423.99122030672	3.50260944507207	T2_in_house	136325	136844	-	520	56	nucleoside triphosphate pyrophosphohydrolase
cds-YP_010073679.1	12451.0170787294	7201.28319125882	0.789937688344388	T2_in_house	136904	137684	-	781	dam	Dam family site-specific DNA-(adenine-N6)-methyltransferase
cds-YP_010073680.1	1912.53474994823	2649.17790776499	-0.47005877115406	T2_in_house	137683	138244	-	562	NA	hypothetical protein
cds-YP_010073681.1	14896.4220417621	11221.6273716334	0.408683940471365	T2_in_house	138531	139560	-	1030	61	DNA primase
cds-YP_010073682.1	1565.73270041666	1392.60210190662	0.1690548328434	T2_in_house	139562	139727	-	166	61.1	gp61.1 hypothetical protein
cds-YP_010073683.1	4190.87686895682	2003.4694474508	1.06475162555413	T2_in_house	139728	140085	-	358	61.2	gp61.2 hypothetical protein
cds-YP_010073684.1	2726.05721353306	1174.06087858336	1.2153086227794	T2_in_house	140097	140391	-	295	sp	spackle periplasmic
cds-YP_010073685.1	2943.63410691236	1275.17144644	1.20690712579047	T2_in_house	140452	140710	-	259	61.4	gp61.4 hypothetical protein
cds-YP_010073686.1	1826.8182586486	855.868262628345	1.09387245870341	T2_in_house	140711	140894	-	184	dmd	Dmd discriminator of mRNA degradation
cds-YP_010073687.1	10064.637577808	3451.92466735712	1.54382233702157	T2_in_house	140952	142380	-	1429	41	AAA family ATPase
cds-YP_010073688.1	5729.53967012619	2005.8292465644	1.51422043625266	T2_in_house	142389	142734	-	346	40	head vertex assembly chaperone
cds-YP_010073689.1	121872.884317077	18669.3550889651	2.70663317692822	T2_in_house	142726	143908	-	1183	uvsX	recombinase
cds-YP_010073690.1	41373.1625780202	7879.63893165496	2.39249381410885	T2_in_house	143985	144828	-	844	b-gt	beta-glucosyl-HMC-alpha-glucosyltransferase
cds-YP_010073691.1	41884.6484753979	7246.00142727367	2.53116457040654	T2_in_house	144824	145565	-	742	42	thymidylate synthase
cds-YP_010073692.1	3066.8542409935	1300.03979672188	1.23820381336973	T2_in_house	145718	145970	-	253	imm	immunity to superinfection
cds-YP_010073693.1	1346.03545588194	1007.61912684557	0.417765999442108	T2_in_house	145977	146358	-	382	imm.1	iduronate sulfatase
cds-YP_010073694.1	734.598728428903	751.552067269958	-0.0329166582180938	T2_in_house	146370	146622	-	253	NA	hypothetical protein
cds-YP_010073695.1	11998.5952105347	7730.75797914767	0.634183727312403	T2_in_house	146797	149494	-	2698	43	DNA polymerase
cds-YP_010073696.1	15450.2863832468	1452.57612824509	3.41094789875842	T2_in_house	149572	149941	-	370	regA	translation repressor
cds-YP_010073697.1	12037.4301830217	2076.87605559187	2.53504040418225	T2_in_house	149942	150506	-	565	62	clamp loader of DNA polymerase
cds-YP_010073698.1	18222.0077765156	3780.27208385965	2.26911994922648	T2_in_house	150507	151467	-	961	44	clamp loader of DNA polymerase
cds-YP_010073699.1	61859.6672275886	4086.52655917704	3.92005205648013	T2_in_house	151518	152205	-	688	45	DNA polymerase processivity factor
cds-YP_010073700.1	9133.33984787713	1116.59340750491	3.03203857296489	T2_in_house	152260	152650	-	391	rpbA	RNA polymerase binding
cds-YP_010073701.1	2847.24945985766	573.659322284715	2.31130277298001	T2_in_house	152659	152848	-	190	45.2	protein GP45.2
cds-YP_010073702.1	32497.7305633186	9211.55355789269	1.81882257585949	T2_in_house	152903	154586	-	1684	46	SbcC-like subunit of palindrome specific endonuclease
cds-YP_010073703.1	746.95710929251	701.80425638618	0.0899567074168875	T2_in_house	154601	154859	-	259	NA	hypothetical protein
cds-YP_010073704.1	1893.48685984994	1407.00643318957	0.428416484491336	T2_in_house	154839	155454	-	616	NA	homing endonuclease
cds-YP_010073705.1	1757.48773116348	443.797061806404	1.98554259682862	T2_in_house	155450	155657	-	208	46.1	DUF5487 family protein
cds-YP_010073706.1	3344.20474929647	1040.83996617943	1.68391491443738	T2_in_house	155637	155901	-	265	46.2	gp46.2 hypothetical protein
cds-YP_010073707.1	15016.2640352768	4654.88343172177	1.68970897765826	T2_in_house	155897	156917	-	1021	47	SbcD-like subunit of palindrome specific endonuclease
cds-YP_010073708.1	237.483492819939	256.154259520274	-0.10918564517594	T2_in_house	156913	157054	-	142	47.1	gp47.1 hypothetical predicted membrane protein
cds-YP_010073709.1	85240.1048044965	20953.2147554448	2.0243607599692	T2_in_house	157093	158296	-	1204	a-gt	alpha-glucosyltransferase
cds-YP_010073710.1	8134.45893942122	2423.14108981247	1.74716797915695	T2_in_house	158362	158536	-	175	a-gt.2	a-gt.2 hypothetical protein
cds-YP_010073711.1	16976.9044545733	6858.92846857253	1.30751830877573	T2_in_house	158539	158743	-	205	a-gt.3	a-gt.3 hypothetical protein
cds-YP_010073712.1	16159.7912938059	7092.57659624246	1.18802683450765	T2_in_house	158711	159029	-	319	a-gt.4	a-gt.4 family protein
cds-YP_010073713.1	9580.33806831281	4833.90099677561	0.986888640742538	T2_in_house	159030	159249	-	220	a-gt.5	a-gt.5 hypothetical protein
cds-YP_010073714.1	13059.6632808463	9122.4388041714	0.517626227192955	T2_in_house	159232	159790	-	559	55	RNA polymerase sigma factor
cds-YP_010073715.1	174.257145914111	244.560999046355	-0.488976531690171	T2_in_house	159872	160088	-	217	55.1	gp55.1 hypothetical protein
cds-YP_010073716.1	920.311615766211	1012.83039154458	-0.13819825802267	T2_in_house	160090	160417	-	328	55.2	gp55.2 hypothetical protein
cds-YP_010073717.1	1428.88659606697	648.175256530466	1.1404355678152	T2_in_house	160469	160670	-	202	55.3	gp55.3 hypothetical protein
cds-YP_010073718.1	1124.48857526464	261.785456506071	2.10281214781343	T2_in_house	160670	160802	-	133	55.4	gp55.4 conserved hypothetical protein
cds-YP_010073719.1	2225.19318866679	797.768805808438	1.47988797693428	T2_in_house	160809	161103	-	295	55.5	gp55.5 conserved protein of unknown function
cds-YP_010073720.1	240.426654787453	166.296127907341	0.531842271779881	T2_in_house	161095	161272	-	178	55.6	gp55.6 conserved hypothetical protein
cds-YP_010073721.1	10196.2438677996	1986.38991780069	2.35981703526338	T2_in_house	161430	161739	-	310	nrdH	NrdH glutaredoxin
cds-YP_010073722.1	6385.89403875181	767.518981303318	3.05661427950773	T2_in_house	161741	161954	-	214	55.8	gp55.8 conserved hypothetical predicted membrane protein
cds-YP_010073723.1	4137.0925148891	1858.34180196408	1.15460134109008	T2_in_house	162069	162540	-	472	nrdG	anaerobic ribonucleotide reductase small subunit
cds-YP_010073725.1	3266.3277293865	1976.10320567207	0.725011255699328	T2_in_house	539	1013	-	475	49	endonuclease VII
cds-YP_010073727.1	9938.11656721638	1042.88566994216	3.25239145785807	T2_in_house	1054	1540	-	487	pin	inhibitor of host Lon protease
cds-YP_010073728.1	1128.51203883607	124.208345236381	3.18358779625261	T2_in_house	1523	1679	-	157	49.1	gp49.1 conserved protein of unknown function
cds-YP_010073729.1	902.064093981522	80.7777388887926	3.48120027618463	T2_in_house	1778	1982	-	205	49.2	ribonucleotide reductase
cds-YP_010073730.1	8431.65323647892	848.339292855041	3.31310224490277	T2_in_house	1993	2203	-	211	NA	antitoxin from a toxin-antitoxin system
cds-YP_010073731.1	8627.20223474448	1096.63021228429	2.97581564963682	T2_in_house	2166	2382	-	217	NA	hypothetical protein
cds-YP_010073732.1	4353.30561824134	383.729027233519	3.50395149919714	T2_in_house	2378	2642	-	265	nrdC	NrdC thioredoxin
cds-YP_010073733.1	484.416533504312	313.093346801717	0.629655254454845	T2_in_house	2643	2886	-	244	nrdC.1	hypothetical protein
cds-YP_010073734.1	66.5060887839005	52.4294077256634	0.343110180287673	T2_in_house	2872	3079	-	208	nrdC.2	hypothetical protein
cds-YP_010073736.1	77.2690320245169	81.428293929789	-0.0756398506331547	T2_in_house	4156	4669	-	514	NA	hypothetical protein
cds-YP_010073737.1	233.879606292733	219.94688259164	0.0886109144213648	T2_in_house	4628	5096	-	469	nrdC.4	hypothetical protein
cds-YP_010073738.1	2881.48313719901	797.546852496791	1.8531703982191	T2_in_house	5212	6235	-	1024	nrdC.5	NrdC.5 conserved hypothetical protein
cds-YP_010073739.1	77.5065228739879	48.9234595237758	0.663791306572545	T2_in_house	6243	6441	-	199	NA	hypothetical protein
cds-YP_010073740.1	632.497494383562	528.402219069141	0.259423239317444	T2_in_house	6528	7077	-	550	nrdC.6	hypothetical protein
cds-YP_010073741.1	117.702562708807	94.9056116698814	0.310580432225963	T2_in_house	7239	7539	-	301	nrdC.7	NrdC.7 conserved hypothetical%2C predicted membrane protein
cds-YP_010073742.1	143.861582577207	196.636502930616	-0.450849783582125	T2_in_house	7594	8122	-	529	nrdC.8	hypothetical protein
cds-YP_010073743.1	127.677470717496	160.610817221903	-0.331065085127526	T2_in_house	8182	8485	-	304	nrdC.9	NrdC.9 conserved hypothetical protein
cds-YP_010073744.1	356.65993632141	560.45228948123	-0.652042396951582	T2_in_house	8586	9555	-	970	nrdC.10	hypothetical protein
cds-YP_010073745.1	77.3655137926321	172.783339976652	-1.15920159385251	T2_in_house	9677	10163	-	487	NA	RNA polymerase ADP-ribosylase
cds-YP_010073746.1	2081.38510325426	935.1417636586	1.15428692759044	T2_in_house	10290	11301	-	1012	nrdC.11	nucleotidyltransferase
cds-YP_010073747.1	118.661071321143	112.823874196549	0.0727743304035823	T2_in_house	11300	11750	-	451	NA	hypothetical protein
cds-YP_010073749.1	92.110525484257	55.9037720350787	0.720420392381975	T2_in_house	12107	12281	-	175	NA	hypothetical protein
cds-YP_010073751.1	28.8537240645656	115.500918075645	-2.00107487878597	T2_in_house	12844	12949	-	106	mobD.2	MobD.2 conserved hypothetical protein
cds-YP_010073752.1	28.7377721277579	60.8816192634432	-1.08305850821449	T2_in_house	13009	13183	-	175	mobD.2a	MobD.2a hypothetical protein
cds-YP_010073753.1	308.919020197647	330.070624954052	-0.0955460491491543	T2_in_house	13172	13367	-	196	mobD.3	MobD.3 hypothetical protein
cds-YP_010073754.1	276.464175775549	334.433825198635	-0.274628223231665	T2_in_house	13369	13552	-	184	mobD.4	molybdopterin-guanine dinucleotide biosynthesis protein MobD
cds-YP_010073755.1	128.504267956302	187.401234295286	-0.544314179345518	T2_in_house	13551	13740	-	190	mobD.5	MobD.5 hypothetical protein
cds-YP_010073756.1	5534.88064666659	4953.34739097129	0.160148402855336	T2_in_house	13835	14222	-	388	rI.-1	starvation-inducible transcriptional regulator
cds-YP_010073757.1	4114.82804713618	3937.95477975319	0.0633855991078551	T2_in_house	14218	14512	-	295	rI	lysis inhibition
cds-YP_010073758.1	1696.81502500435	1112.60688073913	0.608885368005131	T2_in_house	14524	14737	-	214	rI.1	rI.1 conserved hypothetical protein
cds-YP_010073759.1	3530.0416950182	1561.59017685494	1.17666934115737	T2_in_house	14779	15361	-	583	tk	thymidine kinase
cds-YP_010073760.1	518.801889491711	616.924413535595	-0.249910005198837	T2_in_house	15362	15551	-	190	tk.1	Tk.1 conserved hypothetical protein
cds-YP_010073761.1	1440.84595367904	1994.15803795199	-0.468863648776283	T2_in_house	15547	15733	-	187	tk.2	Tk.2 conserved hypothetical protein
cds-YP_010073762.1	1560.07159771534	2112.76843566387	-0.437522411746075	T2_in_house	15729	15903	-	175	NA	hypothetical protein
cds-YP_010073763.1	929.333178126396	1260.55826421024	-0.439794982941818	T2_in_house	15899	16106	-	208	NA	hypothetical protein
cds-YP_010073764.1	1739.13451188037	1888.17165695648	-0.118620407586161	T2_in_house	16102	16315	-	214	tk.3	Tk.2 conserved hypothetical protein
cds-YP_010073765.1	6654.63056009099	11526.4387704045	-0.79251636363293	T2_in_house	16311	16779	-	469	tk.4	phosphatase
cds-YP_010073766.1	1842.1819487322	4283.76201555389	-1.21746277272253	T2_in_house	16775	17123	-	349	vs	valyl tRNA synthetase modifier
cds-YP_010073767.1	474.303351757972	1377.09017275309	-1.53774106251362	T2_in_house	17115	17661	-	547	vs.1	hypothetical protein
cds-YP_010073768.1	5263.85618627887	9523.82373297759	-0.855420845675408	T2_in_house	17668	18130	-	463	regB	endoribonuclease
cds-YP_010073769.1	14491.9109604994	8826.62611646888	0.715313853305847	T2_in_house	18189	18468	-	280	vs.3	Vs.3 conserved hypothetical protein
cds-YP_010073770.1	14732.039104948	8341.3155791994	0.820610285541725	T2_in_house	18467	18728	-	262	vs.4	Vs.4 conserved hypothetical protein
cds-YP_010073772.1	11904.3049272164	5565.62885640974	1.09686677551011	T2_in_house	18945	19308	-	364	vs.6	autonomous glycyl radical cofactor GrcA
cds-YP_010073773.1	1760.94277966044	3993.78301484324	-1.18140792145163	T2_in_house	19315	19645	-	331	vs.7	hypothetical protein
cds-YP_010073774.1	1203.63218044495	4124.85745538574	-1.77694967998159	T2_in_house	19641	19974	-	334	NA	hypothetical protein
cds-YP_010073775.1	12843.4803063855	10140.6789485842	0.34088194640948	T2_in_house	20313	20787	-	475	ipIV	internal virion protein
cds-YP_010073777.1	3363.57936935162	3927.45155789395	-0.223596179687474	T2_in_house	20874	21369	-	496	e	glycoside hydrolase family protein
cds-YP_010073778.1	240.213994361823	440.400266351232	-0.874495139566107	T2_in_house	21843	22206	-	364	e.3	hypothetical protein
cds-YP_010073779.1	77.2360302562574	124.727488098754	-0.691433528619582	T2_in_house	22187	22580	-	394	e.4	hypothetical protein
cds-YP_010073780.1	234.217121436514	387.202986856923	-0.725243539787251	T2_in_house	22548	23157	-	610	e.5	e.5 conserved hypothetical protein
cds-YP_010073782.1	81.4985918597211	155.3270047373	-0.930461636977709	T2_in_house	23835	24012	-	178	NA	hypothetical protein
cds-YP_010073783.1	530.829471489201	1200.74983664198	-1.17761523627163	T2_in_house	24081	24345	-	265	e.8	e.8 conserved hypothetical protein
cds-YP_010073784.1	1862.31473611094	971.196585171941	0.93926165872627	T2_in_house	24885	25236	-	352	NA	hypothetical protein
cds-YP_010073785.1	3635.26164271406	1519.50787792524	1.25845504920989	T2_in_house	25593	25995	-	403	NA	hypothetical protein
cds-YP_010073786.1	15285.9437008789	13306.9072016196	0.200030323667873	T2_in_house	26621	27137	-	517	NA	hypothetical protein
cds-YP_010073787.1	1042.85696478	1056.63428228475	-0.0189348281279314	T2_in_house	27121	27427	-	307	trna.2	Trna.2 conserved hypothetical protein
cds-YP_010073788.1	1161.61360761425	567.980753071276	1.03221631120068	T2_in_house	27429	27612	-	184	trna.4	hypothetical protein
cds-YP_010073789.1	2677.2882826734	4998.6500643352	-0.900766040618806	T2_in_house	27680	27989	-	310	ip7	internal head protein
cds-YP_010073790.1	2759.31508588753	5843.32430511299	-1.08247915394481	T2_in_house	28061	28316	-	256	ip5	internal head protein
cds-YP_010073791.1	77914.7690614289	63539.596963066	0.294240883976469	T2_in_house	28388	28844	-	457	57B	RNA ligase
cds-YP_010073792.1	122604.771550521	57620.1948734787	1.08936868227609	T2_in_house	28843	29086	-	244	57A	tail fiber chaperone
cds-YP_010073793.1	44919.5907755749	21804.5029827376	1.04271867897841	T2_in_house	29085	29811	-	727	1	deoxynucleoside monophosphate kinase
cds-YP_010073794.1	3889.35621110099	3983.9453209772	-0.0346664750941985	T2_in_house	29860	30391	-	532	3	tail protein
cds-YP_010073795.1	14514.2337023435	15249.340047278	-0.0712784028149357	T2_in_house	30497	31322	-	826	2	DNA end protector
cds-YP_010073796.1	5519.90977171184	4585.84481345121	0.267457150490363	T2_in_house	31321	31774	-	454	4	head closure
cds-YP_010073797.1	7020.98723635173	5273.24071064416	0.412984051545459	T2_in_house	31821	32412	+	592	53	baseplate wedge subunit
cds-YP_010073798.1	25375.8885239833	21326.1135700664	0.250837262762368	T2_in_house	32395	34123	+	1729	5	baseplate hub subunit and tail lysozyme
cds-YP_010073802.1	3742.32801117416	5270.22958802761	-0.493929796786918	T2_in_house	34652	34946	+	295	5.4	PAAR motif of membran proteins
cds-YP_010073803.1	45619.0946293676	65042.2323404258	-0.511738958812109	T2_in_house	34954	36937	+	1984	6	baseplate wedge subunit
cds-YP_010073804.1	55077.3843063651	100433.050275036	-0.866702155330433	T2_in_house	36933	40032	+	3100	7	baseplate wedge subunit
cds-YP_010073805.1	61578.5537896234	119652.986449203	-0.958356515607869	T2_in_house	40024	41029	+	1006	8	baseplate wedge subunit
cds-YP_010073806.1	8080.03952237168	7956.81592193153	0.0221711265821341	T2_in_house	41092	41959	+	868	9	baseplate wedge tail fiber protein connector
cds-YP_010073807.1	83966.7222690753	78514.4337761728	0.0968597739742061	T2_in_house	41958	43767	+	1810	10	baseplate wedge subunit
cds-YP_010073808.1	18158.8590836339	25328.5782963483	-0.480092538925096	T2_in_house	43766	44426	+	661	11	baseplate wedge subunit
cds-YP_010073809.1	23132.3469190719	51654.7090192301	-1.1589882323825	T2_in_house	44422	46006	+	1585	12	tail collar fiber protein
cds-YP_010073810.1	9216.58387638722	47317.3291251144	-2.36006462115695	T2_in_house	46002	47466	+	1465	wac	fibritin neck whisker
cds-YP_010073811.1	2575.51673188919	12703.7323285797	-2.30231860220227	T2_in_house	47497	48427	+	931	13	head-tail adaptor Ad2
cds-YP_010073812.1	622.362357250557	4667.7811463188	-2.90691021179417	T2_in_house	48428	49199	+	772	14	head closure Hc2
cds-YP_010073813.1	7960.1261762783	14967.8850282036	-0.911007177779094	T2_in_house	49240	50059	+	820	15	tail sheath stabilizer
cds-YP_010073814.1	1246.92917191227	2474.91931358372	-0.989001972230064	T2_in_house	50067	50562	+	496	16	terminase small subunit
cds-YP_010073818.1	2320.44976570612	5993.42632816635	-1.36897653460881	T2_in_house	50545	52378	+	1834	17_3	large terminase protein
cds-YP_010073819.1	62110.7492753503	137243.830039524	-1.14382641559989	T2_in_house	52409	54389	+	1981	18	tail sheath
cds-YP_010073820.1	29176.5954221485	50717.3368437414	-0.797667444940758	T2_in_house	54505	54997	+	493	19	tail protein
cds-YP_010073821.1	20175.5369820097	27612.7431013365	-0.452727142993811	T2_in_house	55080	56655	+	1576	20	portal protein
cds-YP_010073822.1	10332.6370889665	20387.6162932318	-0.980484601359496	T2_in_house	56654	56888	+	235	67	prohead
cds-YP_010073823.1	11245.9080511751	27899.9494446656	-1.3108623515887	T2_in_house	56887	57313	+	427	68	head scaffolding protein
cds-YP_010073826.1	63203.1522208295	144365.179604181	-1.19165439209728	T2_in_house	57981	58791	+	811	22	head scaffolding protein
cds-YP_010073827.1	241737.382204496	736991.334321942	-1.60820706761694	T2_in_house	58809	60375	+	1567	23	major head protein
cds-YP_010073828.1	16311.2744419413	29563.3039766618	-0.85793800526644	T2_in_house	60458	61742	+	1285	24	capsid vertex protein
cds-YP_010073829.1	999.748500221858	991.187682648941	0.0124069523503316	T2_in_house	61784	62702	-	919	rnlB	RNA ligase
cds-YP_010073830.1	416.455417331897	447.7024759503	-0.104378237380542	T2_in_house	62781	63057	-	277	24.2	gp24.2 conserved hypothetical protein
cds-YP_010073831.1	183.414570683487	482.278501501929	-1.39475824761945	T2_in_house	63043	63247	-	205	24.3	DUF2774 domain-containing protein
cds-YP_010073832.1	2736.31073825531	5278.01463708145	-0.947763278120199	T2_in_house	63481	63907	-	427	NA	Hoc-like head decoration
cds-YP_010073833.1	523.64469333799	839.781479086382	-0.681425733401042	T2_in_house	63984	64338	-	355	NA	Hoc-like head decoration
cds-YP_010073834.1	5430.33803070825	5859.41077579391	-0.109713587560811	T2_in_house	64474	65155	-	682	inh	minor head protein inhibitor of protease
cds-YP_010073835.1	12619.0299866943	18147.4620911114	-0.524166786581236	T2_in_house	65205	66717	+	1513	uvsW	DNA helicase
cds-YP_010073836.1	104.506314695085	301.841998450229	-1.5302034387366	T2_in_house	66742	66973	+	232	NA	DNA helicase
cds-YP_010073837.1	1315.27935836091	1051.38011773567	0.32308489483659	T2_in_house	67028	67196	-	169	uvsY.-2	hypothetical protein
cds-YP_010073838.1	3529.26065304632	1762.10288218658	1.00206782414147	T2_in_house	67222	67447	-	226	uvsY.-1	UvsY.-1 conserved hypothetical protein
cds-YP_010073839.1	18171.668234356	7567.33317578379	1.26383400017336	T2_in_house	67446	67860	-	415	uvsY	UvsY-like recombination mediator
cds-YP_010073840.1	5528.78572682884	6518.0601266667	-0.237480000658743	T2_in_house	67926	68325	-	400	25	baseplate wedge subunit
cds-YP_010073841.1	21631.0826788782	21169.8978362351	0.031091569811082	T2_in_house	68324	68951	-	628	26	baseplate hub
cds-YP_010073843.1	12148.5025576507	18814.341218615	-0.63105427846537	T2_in_house	69001	69751	+	751	51	baseplate hub assembly protein
cds-YP_010073844.1	10206.4078029461	14467.9442030913	-0.503384747531589	T2_in_house	69750	70926	+	1177	27	baseplate hub
cds-YP_010073845.1	2030.56265465176	3685.18563735779	-0.859857751928531	T2_in_house	70870	71404	+	535	28	baseplate hub distal subunit
cds-YP_010073846.1	8140.96990079403	27256.146125601	-1.74330899715555	T2_in_house	71400	73173	+	1774	29	baseplate hub subunit and tail length
cds-YP_010073847.1	8878.74090687703	43421.1696716614	-2.28997158174409	T2_in_house	73181	74276	+	1096	48	baseplate tail tube cap
cds-YP_010073848.1	959.978951347505	7091.78906457536	-2.88507494738245	T2_in_house	74275	75241	+	967	54	tail tube
cds-YP_010073849.1	3995.57198801369	14429.2339111737	-1.85252075235661	T2_in_house	75269	75560	-	292	alt.-3	Alt.-3 conserved hypothetical protein
cds-YP_010073850.1	6874.07072468729	14972.4197045862	-1.12307079508749	T2_in_house	75620	77678	-	2059	NA	Alt-like RNA polymerase ADP-ribosyltransferase
cds-YP_010073851.1	220788.025525218	346860.011827681	-0.651691597947852	T2_in_house	77681	79775	-	2095	alt	Alt-like RNA polymerase ADP-ribosyltransferase
cds-YP_010073852.1	4683.92120648115	991.670874564434	2.23978351742953	T2_in_house	79827	80016	-	190	alt.1	Alt.1 conserved hypothetical protein
cds-YP_010073853.1	21736.4930371351	4141.98609417476	2.39172457977464	T2_in_house	80012	81476	-	1465	30	DNA ligase
cds-YP_010073854.1	3698.81694986205	831.638881165696	2.15303479050153	T2_in_house	81475	81742	-	268	30.1	DUF3045 domain-containing protein
cds-YP_010073855.1	17159.2066521827	6251.04464303529	1.45681364110563	T2_in_house	81741	82584	-	844	30.2	hypothetical protein
cds-YP_010073856.1	810.127508827888	1167.0926068393	-0.526698139171178	T2_in_house	82580	83039	-	460	30.3	hypothetical protein
cds-YP_010073858.1	119.429327432463	138.407348011017	-0.212763384588457	T2_in_house	83041	83140	-	100	30.4	gp30.4 conserved hypothetical protein
cds-YP_010073859.1	735.769963646424	1078.31020496189	-0.55144558041554	T2_in_house	83250	83538	-	289	30.6	gp30.6 conserved hypothetical protein
cds-YP_010073860.1	3130.73835541471	2804.80895781288	0.158600434642316	T2_in_house	83577	83943	-	367	30.7	gp30.7 conserved hypothetical protein
cds-YP_010073861.1	53154.6633993282	10073.0521105607	2.3996953860534	T2_in_house	84054	84231	-	178	30.9	gp30.9 conserved hypothetical protein
cds-YP_010073862.1	51866.8831538723	24872.8525552167	1.06024170294123	T2_in_house	84519	84768	-	250	rIII	lysis inhibition%3B accessory protein
cds-YP_010073863.1	74082.5253872838	8270.67450048729	3.16305638344121	T2_in_house	84915	85251	-	337	31	head morphogenesis
cds-YP_010073864.1	6908.23637734784	648.932204118479	3.41217777947784	T2_in_house	85307	85616	-	310	31.1	SH3 beta-barrel fold-containing protein
cds-YP_010073865.1	986.42924298566	162.039900125367	2.6058664685742	T2_in_house	85616	85853	-	238	31.2	hypothetical protein
cds-YP_010073866.1	17693.5727626366	4362.23255168903	2.02008680508978	T2_in_house	85852	86434	-	583	cd	dCMP deaminase
cds-YP_010073867.1	778.151679834719	299.976002770162	1.37520430356852	T2_in_house	86430	86769	-	340	cd.1	Cd.1 hypothetical protein
cds-YP_010073868.1	2828.87637422327	1683.0681731444	0.74913551574492	T2_in_house	86765	87005	-	241	cd.2	Cd.2 conserved hypothetical protein
cds-YP_010073869.1	2741.64648940768	1490.55712349804	0.879190894953061	T2_in_house	87064	87340	-	277	cd.3	Cd.3 conserved hypothetical protein
cds-YP_010073870.1	427.132375899609	498.739565470937	-0.223603401946751	T2_in_house	87342	87435	-	94	cd.5	Cd.5 hypothetical protein
cds-YP_010073871.1	4343.39770889481	4580.22086504379	-0.0765931077948952	T2_in_house	87404	88310	-	907	pseT	polynucleotide kinase
cds-YP_010073872.1	1570.99884710988	2327.5557754861	-0.567133617765937	T2_in_house	88306	88555	-	250	NA	hypothetical protein
cds-YP_010073873.1	2058.37515682382	2333.92309857233	-0.181251075904208	T2_in_house	88621	88852	-	232	pseT.1	PseT.1 conserved hypothetical protein
cds-YP_010073874.1	1128.28010652474	1445.12566001732	-0.357069671547669	T2_in_house	88848	89148	-	301	pseT.2	Rz-like spanin
cds-YP_010073875.1	660.701138482823	910.469062386441	-0.46261216476805	T2_in_house	89144	89498	-	355	pseT.3	Rz-like spanin
cds-YP_010073876.1	4141.88902121908	4986.18782789284	-0.267648331498862	T2_in_house	89488	89995	-	508	alc	inhibitor of host transcription
cds-YP_010073877.1	34700.6723025724	21798.190504406	0.670755234319064	T2_in_house	90056	91181	-	1126	rnlA	RNA ligase and tail fiber protein attachment catalyst
cds-YP_010073878.1	912.084929280931	1131.93543401659	-0.311551595613643	T2_in_house	91233	91644	-	412	denA	endonuclease
cds-YP_010073879.1	27224.794600895	9067.50924579216	1.58614294811362	T2_in_house	91671	92850	-	1180	NA	ribonucleotide reductase class Ia beta subunit
cds-YP_010073880.1	29903.1686942482	12118.7997834351	1.30305154307913	T2_in_house	92901	95166	-	2266	nrdA	NrdA-like aerobic NDP reductase large subunit
cds-YP_010073881.1	1211.39462373721	804.304709474056	0.590854841082772	T2_in_house	95156	95483	-	328	nrdA.1	hypothetical protein
cds-YP_010073882.1	24298.0169704021	1646.86749678331	3.88304218734851	T2_in_house	95436	95700	-	265	nrdA.2	NrdA.2 conserved hypothetical protein
cds-YP_010073883.1	14808.9390202448	2186.54595542723	2.75974270759996	T2_in_house	95723	96584	-	862	NA	thymidylate synthase
cds-YP_010073884.1	5277.4611281354	3187.26780278891	0.727523803927931	T2_in_house	96997	97579	-	583	frd	dihydrofolate reductase
cds-YP_010073885.1	595.474843459606	488.733394810327	0.284992874721557	T2_in_house	97578	97824	-	247	NA	hypothetical protein
cds-YP_010073886.1	675.687008114386	1189.77943863365	-0.816267130610137	T2_in_house	97834	98077	-	244	frd.1	DUF5417 domain-containing protein
cds-YP_010073887.1	1205.04893035886	2247.63203885459	-0.899314142952338	T2_in_house	98131	98497	-	367	frd.2	hypothetical protein
cds-YP_010073888.1	552.624850632906	565.285758918234	-0.0326799128110891	T2_in_house	98541	98769	-	229	frd.3	hypothetical protein
cds-YP_010073889.1	198556.556596727	116581.459415909	0.768211634187268	T2_in_house	98913	99822	-	910	32	single strand DNA binding protein
cds-YP_010073890.1	16998.9588289038	3877.89872606435	2.13209935318479	T2_in_house	99921	100575	-	655	59	DNA helicase loader
cds-YP_010073891.1	11023.7635627531	1287.7121798128	3.09773477686768	T2_in_house	100571	100910	-	340	33	late promoter transcriptional regulator
cds-YP_010073892.1	10174.8143385436	920.743047004877	3.46606006177215	T2_in_house	100887	101157	-	271	dsbA	transcriptional regulator
cds-YP_010073893.1	8933.31642613613	1392.93949793373	2.68106326829574	T2_in_house	101165	102071	-	907	rnh	RNase H
cds-YP_010073894.1	12708.1258595149	44519.2872160721	-1.8086792108542	T2_in_house	102187	106060	+	3874	34	tail fiber protein proximal subunit
cds-YP_010073895.1	1484.05005320696	11127.6705105825	-2.9065399512423	T2_in_house	106068	107184	+	1117	35	long tail fiber protein proximal connector
cds-YP_010073896.1	12469.2368426547	21937.5453587633	-0.815028938083061	T2_in_house	107246	107906	+	661	36	hinge connector of long tail fiber protein distal connector
cds-YP_010073897.1	15793.0998734022	40592.6343087836	-1.36192359701923	T2_in_house	107914	111937	+	4024	37	long tail fiber protein distal subunit
cds-YP_010073898.1	5853.65581519504	30330.5975167685	-2.37336409413652	T2_in_house	111967	112756	+	790	38	tail fiber protein%3B host specificity
cds-YP_010073899.1	2728.87990862035	12718.8228510092	-2.22058434127114	T2_in_house	112787	113444	+	658	t	holin
cds-YP_010073900.1	1165.59264297433	1824.60467395855	-0.646520241361172	T2_in_house	113444	113717	-	274	asiA	anti-sigma factor
cds-YP_010073902.1	2148.91544938003	1840.1877489376	0.223755752292323	T2_in_house	113877	114156	-	280	arn	inhibitor of MrcBC restriction
cds-YP_010073903.1	388.323036368946	482.476318770798	-0.313200838441547	T2_in_house	114145	114262	-	118	NA	hypothetical protein
cds-YP_010073904.1	95.1964248120402	126.758698362725	-0.413105452473238	T2_in_house	114236	114368	-	133	arn.1	hypothetical protein
cds-YP_010073905.1	1133.18970637388	1430.61116205151	-0.336242201226481	T2_in_house	114438	114735	-	298	arn.2	hypothetical protein
cds-YP_010073906.1	326.456025947751	629.715285865131	-0.94781101615741	T2_in_house	114734	115196	-	463	arn.3	Arn.3 conserved hypothetical protein
cds-YP_010073907.1	201.668386560276	447.033745590952	-1.14839879589307	T2_in_house	115192	115444	-	253	arn.4	Arn.4 conserved hypothetical protein
cds-YP_010073908.1	340.891324876016	777.382070531107	-1.1893119481473	T2_in_house	115530	116166	-	637	motA	MotA-like activator of middle period transcription
cds-YP_010073910.1	12964.3609243086	4480.68401066931	1.53276019793275	T2_in_house	116440	117769	-	1330	52	DNA topoisomerase II
cds-YP_010073912.1	135.068882215285	151.521488539589	-0.16582707066755	T2_in_house	117905	117947	-	43	ac	Ac acridine resistance protein
cds-YP_010073913.1	34.664394959703	37.972823764703	-0.131512706142216	T2_in_house	118075	118159	-	85	stp	activator of host PrrC lysyl-tRNA endonuclease
cds-YP_010073914.1	1684.97950233262	1514.73591751684	0.15366474831413	T2_in_house	118158	118617	-	460	ndd	Ndd-like nucleoid disruption protein
cds-YP_010073915.1	312.82884196727	329.724497386833	-0.0758875468982296	T2_in_house	118675	118891	-	217	ndd.1	hypothetical protein
cds-YP_010073916.1	114.334007531598	110.807424559244	0.0452000316979146	T2_in_house	118899	119010	-	112	ndd.2	Ndd.2 hypothetical predicted outer membrane protein
cds-YP_010073920.1	203.950270624798	121.529654350667	0.746909033852505	T2_in_house	119485	119572	-	88	ndd.6	outer membrane protein
cds-YP_010073921.1	143.794578537919	112.889202251801	0.349101782863113	T2_in_house	119600	119807	-	208	NA	hypothetical protein
cds-YP_010073922.1	10098.1349965579	1700.83204452605	2.56977628080163	T2_in_house	119889	120447	-	559	denB	DenB-like DNA endonuclease IV
cds-YP_010073923.1	5125.97025178201	715.122564175725	2.84156267574652	T2_in_house	120529	120724	-	196	denB.1	DenB.1 hypothetical protein
cds-YP_010073924.1	214476.158323912	23948.5574466787	3.16280662101651	T2_in_house	120756	121695	-	940	rIIB	RIIB lysis inhibitor
T2_in_house_1	4441.76768829401	953.403366408069	2.21997531495487	T2_in_house	161963	162077	-	115	NA	Phage protein
T2_in_house_NHEDNGPL_00010	368.645653784757	334.624599086932	0.139691242776373	T2_in_house	3177	3855	-	679	NA	hypothetical protein
T2_in_house_NHEDNGPL_00011	530.813698342725	569.924722542884	-0.102565774320368	T2_in_house	3871	4102	-	232	NA	hypothetical protein
T2_in_house_NHEDNGPL_00023	181.837574994936	121.400296591947	0.582878403230698	T2_in_house	11762	11906	-	145	NA	hypothetical protein
T2_in_house_NHEDNGPL_00025	480.23588738319	602.085888128407	-0.326226085233657	T2_in_house	12287	12500	-	214	NA	hypothetical protein
T2_in_house_NHEDNGPL_00026	411.552630072146	569.747595745796	-0.469245994717789	T2_in_house	12707	12818	-	112	NA	hypothetical protein
T2_in_house_NHEDNGPL_00047	5134.2443231252	2979.70872401306	0.784980641471175	T2_in_house	18724	18946	-	223	NA	hypothetical protein
T2_in_house_NHEDNGPL_00052	1688.55490646937	1271.71719504104	0.409011212779898	T2_in_house	21406	21847	-	442	NA	hypothetical protein
T2_in_house_NHEDNGPL_00056	533.802497974448	439.538969067211	0.280314977831679	T2_in_house	23199	23460	-	262	NA	hypothetical protein
T2_in_house_NHEDNGPL_00057	2851.90917808675	1668.44322122062	0.773425447429272	T2_in_house	23432	23792	-	361	NA	hypothetical protein
T2_in_house_NHEDNGPL_00084	7689.6934005486	10553.5900022923	-0.456735860235414	T2_in_house	34157	34652	+	496	NA	hypothetical protein
T2_in_house_NHEDNGPL_00113	4744.05693831869	6996.22026314786	-0.560454385320215	T2_in_house	64276	64465	-	190	NA	hypothetical protein
T2_in_house_NHEDNGPL_00137	204.073206291239	251.150048519408	-0.299462776977772	T2_in_house	83129	83246	-	118	NA	hypothetical protein
T2_in_house_NHEDNGPL_00162	3408.09755665677	1193.09843320072	1.51425355983896	T2_in_house	96629	96977	-	349	NA	hypothetical protein
T2_in_house_NHEDNGPL_00185	64.299497447253	173.803181906539	-1.43457512769574	T2_in_house	115412	115520	-	109	NA	hypothetical protein
T2_in_house_NHEDNGPL_00192	618.152256196135	623.367578752026	-0.0121208925293857	T2_in_house	119006	119204	-	199	NA	hypothetical protein
T2_in_house_NHEDNGPL_00207	1113.20543824802	1427.84387021106	-0.359118372603232	T2_in_house	127510	127711	-	202	NA	hypothetical protein
T2_in_house_NHEDNGPL_00220	3989.50824732727	4062.5480740135	-0.0261739565211443	T2_in_house	134348	134501	-	154	NA	hypothetical protein
T2_in_house_NHEDNGPL_00229	347.100519573313	606.048407947499	-0.804079508432196	T2_in_house	138334	138535	+	202	NA	hypothetical protein
T2_in_house_NHEDNGPL_00272	8319.96345048633	3605.43718744363	1.20640298251095	T2_in_house	162536	163877	-	1342	NA	Anaerobic ribonucleoside-triphosphate reductase
